work_year,experience_level,employment_type,job_title,salary,salary_currency,salary_in_usd,employee_residence,job_type,company_location,company_size
2020,Mid,Full-time,Data Scientist,70000,EUR,79833,Germany,onsite,Germany,Large
2020,Senior,Full-time,Machine Learning Scientist,260000,USD,260000,Japan,onsite,Japan,Small
2020,Senior,Full-time,Big Data Engineer,85000,GBP,109024,United Kingdom,hybrid,United Kingdom,Medium
2020,Mid,Full-time,Product Data Analyst,20000,USD,20000,Honduras,onsite,Honduras,Small
2020,Senior,Full-time,Machine Learning Engineer,150000,USD,150000,United States,hybrid,United States,Large
2020,Entry,Full-time,Data Analyst,72000,USD,72000,United States,remote,United States,Large
2020,Senior,Full-time,Lead Data Scientist,190000,USD,190000,United States,remote,United States,Small
2020,Mid,Full-time,Data Scientist,11000000,HUF,35735,Hungary,hybrid,Hungary,Large
2020,Mid,Full-time,Business Data Analyst,135000,USD,135000,United States,remote,United States,Large
2020,Senior,Full-time,Lead Data Engineer,125000,USD,125000,New Zealand,hybrid,New Zealand,Small
2020,Entry,Full-time,Data Scientist,45000,EUR,51321,France,onsite,France,Small
2020,Mid,Full-time,Data Scientist,3000000,INR,40481,India,onsite,India,Large
2020,Entry,Full-time,Data Scientist,35000,EUR,39916,France,onsite,France,Medium
2020,Mid,Full-time,Lead Data Analyst,87000,USD,87000,United States,remote,United States,Large
2020,Mid,Full-time,Data Analyst,85000,USD,85000,United States,remote,United States,Large
2020,Mid,Full-time,Data Analyst,8000,USD,8000,Pakistan,hybrid,Pakistan,Large
2020,Entry,Full-time,Data Engineer,4450000,JPY,41689,Japan,remote,Japan,Small
2020,Senior,Full-time,Big Data Engineer,100000,EUR,114047,Poland,remote,United Kingdom,Small
2020,Entry,Full-time,Data Science Consultant,423000,INR,5707,India,hybrid,India,Medium
2020,Mid,Full-time,Lead Data Engineer,56000,USD,56000,Portugal,remote,United States,Medium
2020,Mid,Full-time,Machine Learning Engineer,299000,CNY,43331,China,onsite,China,Medium
2020,Mid,Full-time,Product Data Analyst,450000,INR,6072,India,remote,India,Large
2020,Senior,Full-time,Data Engineer,42000,EUR,47899,Greece,hybrid,Greece,Large
2020,Mid,Full-time,BI Data Analyst,98000,USD,98000,United States,onsite,United States,Medium
2020,Mid,Full-time,Lead Data Scientist,115000,USD,115000,United Arab Emirates,onsite,United Arab Emirates,Large
2020,Executive,Full-time,Director of Data Science,325000,USD,325000,United States,remote,United States,Large
2020,Entry,Full-time,Research Scientist,42000,USD,42000,Netherlands,hybrid,Netherlands,Large
2020,Senior,Full-time,Data Engineer,720000,MXN,33511,Mexico,onsite,Mexico,Small
2020,Entry,Contract,Business Data Analyst,100000,USD,100000,United States,remote,United States,Large
2020,Senior,Full-time,Machine Learning Manager,157000,CAD,117104,Canada,hybrid,Canada,Large
2020,Mid,Full-time,Data Engineering Manager,51999,EUR,59303,Germany,remote,Germany,Small
2020,Entry,Full-time,Big Data Engineer,70000,USD,70000,United States,remote,United States,Large
2020,Senior,Full-time,Data Scientist,60000,EUR,68428,Greece,remote,United States,Large
2020,Mid,Full-time,Research Scientist,450000,USD,450000,United States,onsite,United States,Medium
2020,Mid,Full-time,Data Analyst,41000,EUR,46759,France,hybrid,France,Large
2020,Mid,Full-time,Data Engineer,65000,EUR,74130,Austria,hybrid,Austria,Large
2020,Mid,Full-time,Data Science Consultant,103000,USD,103000,United States,remote,United States,Large
2020,Entry,Full-time,Machine Learning Engineer,250000,USD,250000,United States,hybrid,United States,Large
2020,Entry,Full-time,Data Analyst,10000,USD,10000,Nigeria,remote,Nigeria,Small
2020,Entry,Full-time,Machine Learning Engineer,138000,USD,138000,United States,remote,United States,Small
2020,Mid,Full-time,Data Scientist,45760,USD,45760,Philippines,remote,United States,Small
2020,Executive,Full-time,Data Engineering Manager,70000,EUR,79833,Spain,hybrid,Spain,Large
2020,Mid,Full-time,Machine Learning Infrastructure Engineer,44000,EUR,50180,Portugal,onsite,Portugal,Medium
2020,Mid,Full-time,Data Engineer,106000,USD,106000,United States,remote,United States,Large
2020,Mid,Full-time,Data Engineer,88000,GBP,112872,United Kingdom,hybrid,United Kingdom,Large
2020,Entry,Part-time,ML Engineer,14000,EUR,15966,Germany,remote,Germany,Small
2020,Mid,Full-time,Data Scientist,60000,GBP,76958,United Kingdom,remote,United Kingdom,Small
2020,Senior,Full-time,Data Engineer,188000,USD,188000,United States,remote,United States,Large
2020,Mid,Full-time,Data Scientist,105000,USD,105000,United States,remote,United States,Large
2020,Mid,Full-time,Data Engineer,61500,EUR,70139,France,hybrid,France,Large
2020,Entry,Full-time,Data Analyst,450000,INR,6072,India,onsite,India,Small
2020,Entry,Full-time,Data Analyst,91000,USD,91000,United States,remote,United States,Large
2020,Entry,Full-time,AI Scientist,300000,DKK,45896,Denmark,hybrid,Denmark,Small
2020,Entry,Full-time,Data Engineer,48000,EUR,54742,Pakistan,remote,Germany,Large
2020,Senior,Freelance,Computer Vision Engineer,60000,USD,60000,Russia,remote,United States,Small
2020,Senior,Full-time,Principal Data Scientist,130000,EUR,148261,Germany,remote,Germany,Medium
2020,Mid,Full-time,Data Scientist,34000,EUR,38776,Spain,remote,Spain,Medium
2020,Mid,Full-time,Data Scientist,118000,USD,118000,United States,remote,United States,Medium
2020,Senior,Full-time,Data Scientist,120000,USD,120000,United States,hybrid,United States,Large
2020,Mid,Full-time,Data Scientist,138350,USD,138350,United States,remote,United States,Medium
2020,Mid,Full-time,Data Engineer,110000,USD,110000,United States,remote,United States,Large
2020,Mid,Full-time,Data Engineer,130800,USD,130800,Spain,remote,United States,Medium
2020,Entry,Part-time,Data Scientist,19000,EUR,21669,Italy,hybrid,Italy,Small
2020,Senior,Full-time,Data Scientist,412000,USD,412000,United States,remote,United States,Large
2020,Senior,Full-time,Machine Learning Engineer,40000,EUR,45618,Croatia,remote,Croatia,Small
2020,Entry,Full-time,Data Scientist,55000,EUR,62726,Germany,hybrid,Germany,Small
2020,Entry,Full-time,Data Scientist,43200,EUR,49268,Germany,onsite,Germany,Small
2020,Senior,Full-time,Data Science Manager,190200,USD,190200,United States,remote,United States,Medium
2020,Entry,Full-time,Data Scientist,105000,USD,105000,United States,remote,United States,Small
2020,Senior,Full-time,Data Scientist,80000,EUR,91237,Austria,onsite,Austria,Small
2020,Mid,Full-time,Data Scientist,55000,EUR,62726,France,hybrid,Luxembourg,Small
2020,Mid,Full-time,Data Scientist,37000,EUR,42197,France,hybrid,France,Small
2021,Entry,Full-time,Research Scientist,60000,GBP,82528,United Kingdom,hybrid,United Kingdom,Large
2021,Executive,Full-time,BI Data Analyst,150000,USD,150000,India,remote,United States,Large
2021,Executive,Full-time,Head of Data,235000,USD,235000,United States,remote,United States,Large
2021,Senior,Full-time,Data Scientist,45000,EUR,53192,France,hybrid,France,Large
2021,Mid,Full-time,BI Data Analyst,100000,USD,100000,United States,remote,United States,Medium
2021,Mid,Part-time,3D Computer Vision Researcher,400000,INR,5409,India,hybrid,India,Medium
2021,Mid,Contract,ML Engineer,270000,USD,270000,United States,remote,United States,Large
2021,Entry,Full-time,Data Analyst,80000,USD,80000,United States,remote,United States,Medium
2021,Senior,Full-time,Data Analytics Engineer,67000,EUR,79197,Germany,remote,Germany,Large
2021,Mid,Full-time,Data Engineer,140000,USD,140000,United States,remote,United States,Large
2021,Mid,Full-time,Applied Data Scientist,68000,CAD,54238,United Kingdom,hybrid,Canada,Large
2021,Mid,Full-time,Machine Learning Engineer,40000,EUR,47282,Spain,remote,Spain,Small
2021,Executive,Full-time,Director of Data Science,130000,EUR,153667,Italy,remote,Poland,Large
2021,Mid,Full-time,Data Engineer,110000,PLN,28476,Poland,remote,Poland,Large
2021,Entry,Full-time,Data Analyst,50000,EUR,59102,France,hybrid,France,Medium
2021,Mid,Full-time,Data Analytics Engineer,110000,USD,110000,United States,remote,United States,Large
2021,Senior,Full-time,Lead Data Analyst,170000,USD,170000,United States,remote,United States,Large
2021,Senior,Full-time,Data Analyst,80000,USD,80000,Bulgaria,remote,United States,Small
2021,Senior,Full-time,Marketing Data Analyst,75000,EUR,88654,Greece,remote,Denmark,Large
2021,Entry,Full-time,Data Science Consultant,65000,EUR,76833,Germany,remote,Germany,Small
2021,Mid,Full-time,Lead Data Analyst,1450000,INR,19609,India,remote,India,Large
2021,Senior,Full-time,Lead Data Engineer,276000,USD,276000,United States,onsite,United States,Large
2021,Entry,Full-time,Data Scientist,2200000,INR,29751,India,hybrid,India,Large
2021,Mid,Full-time,Cloud Data Engineer,120000,SGD,89294,Singapore,hybrid,Singapore,Large
2021,Entry,Part-time,AI Scientist,12000,USD,12000,Brazil,remote,United States,Small
2021,Mid,Full-time,Financial Data Analyst,450000,USD,450000,United States,remote,United States,Large
2021,Entry,Full-time,Computer Vision Software Engineer,70000,USD,70000,United States,remote,United States,Medium
2021,Mid,Full-time,Computer Vision Software Engineer,81000,EUR,95746,Germany,remote,United States,Small
2021,Mid,Full-time,Data Analyst,75000,USD,75000,United States,onsite,United States,Large
2021,Senior,Full-time,Data Engineer,150000,USD,150000,United States,remote,United States,Large
2021,Mid,Full-time,BI Data Analyst,11000000,HUF,36259,Hungary,hybrid,United States,Large
2021,Mid,Full-time,Data Analyst,62000,USD,62000,United States,onsite,United States,Large
2021,Mid,Full-time,Data Scientist,73000,USD,73000,United States,onsite,United States,Large
2021,Mid,Full-time,Data Analyst,37456,GBP,51519,United Kingdom,hybrid,United Kingdom,Large
2021,Mid,Full-time,Research Scientist,235000,CAD,187442,Canada,remote,Canada,Large
2021,Senior,Full-time,Data Engineer,115000,USD,115000,United States,remote,United States,Small
2021,Senior,Full-time,Data Engineer,150000,USD,150000,United States,remote,United States,Medium
2021,Entry,Full-time,Data Engineer,2250000,INR,30428,India,remote,India,Large
2021,Senior,Full-time,Machine Learning Engineer,80000,EUR,94564,Germany,hybrid,Germany,Large
2021,Senior,Full-time,Director of Data Engineering,82500,GBP,113476,United Kingdom,remote,United Kingdom,Medium
2021,Senior,Full-time,Lead Data Engineer,75000,GBP,103160,United Kingdom,remote,United Kingdom,Small
2021,Entry,Part-time,AI Scientist,12000,USD,12000,Pakistan,remote,United States,Medium
2021,Mid,Full-time,Data Engineer,38400,EUR,45391,Netherlands,remote,Netherlands,Large
2021,Entry,Full-time,Machine Learning Scientist,225000,USD,225000,United States,remote,United States,Large
2021,Mid,Full-time,Data Scientist,50000,USD,50000,Nigeria,remote,Nigeria,Large
2021,Mid,Full-time,Data Science Engineer,34000,EUR,40189,Greece,remote,Greece,Medium
2021,Entry,Full-time,Data Analyst,90000,USD,90000,United States,remote,United States,Small
2021,Mid,Full-time,Data Engineer,200000,USD,200000,United States,remote,United States,Large
2021,Mid,Full-time,Big Data Engineer,60000,USD,60000,Spain,hybrid,Romania,Medium
2021,Senior,Full-time,Principal Data Engineer,200000,USD,200000,United States,remote,United States,Medium
2021,Entry,Full-time,Data Analyst,50000,USD,50000,United States,remote,United States,Medium
2021,Entry,Full-time,Applied Data Scientist,80000,GBP,110037,United Kingdom,onsite,United Kingdom,Large
2021,Entry,Part-time,Data Analyst,8760,EUR,10354,Spain,hybrid,Spain,Medium
2021,Mid,Full-time,Principal Data Scientist,151000,USD,151000,United States,remote,United States,Large
2021,Senior,Full-time,Machine Learning Scientist,120000,USD,120000,United States,hybrid,United States,Small
2021,Mid,Full-time,Data Scientist,700000,INR,9466,India,onsite,India,Small
2021,Entry,Full-time,Machine Learning Engineer,20000,USD,20000,India,remote,India,Small
2021,Senior,Full-time,Lead Data Scientist,3000000,INR,40570,India,hybrid,India,Large
2021,Entry,Full-time,Machine Learning Developer,100000,USD,100000,Iraq,hybrid,Iraq,Small
2021,Entry,Full-time,Data Scientist,42000,EUR,49646,France,hybrid,France,Medium
2021,Mid,Full-time,Applied Machine Learning Scientist,38400,USD,38400,Vietnam,remote,United States,Medium
2021,Senior,Full-time,Computer Vision Engineer,24000,USD,24000,Brazil,remote,Brazil,Medium
2021,Entry,Full-time,Data Scientist,100000,USD,100000,United States,onsite,United States,Small
2021,Mid,Full-time,Data Analyst,90000,USD,90000,United States,remote,United States,Medium
2021,Mid,Full-time,ML Engineer,7000000,JPY,63711,Japan,hybrid,Japan,Small
2021,Mid,Full-time,ML Engineer,8500000,JPY,77364,Japan,hybrid,Japan,Small
2021,Senior,Full-time,Principal Data Scientist,220000,USD,220000,United States,onsite,United States,Large
2021,Entry,Full-time,Data Scientist,80000,USD,80000,United States,remote,United States,Medium
2021,Mid,Full-time,Data Analyst,135000,USD,135000,United States,remote,United States,Large
2021,Senior,Full-time,Data Science Manager,240000,USD,240000,United States,onsite,United States,Large
2021,Senior,Full-time,Data Engineering Manager,150000,USD,150000,United States,onsite,United States,Large
2021,Mid,Full-time,Data Scientist,82500,USD,82500,United States,remote,United States,Small
2021,Mid,Full-time,Data Engineer,100000,USD,100000,United States,remote,United States,Large
2021,Senior,Full-time,Machine Learning Engineer,70000,EUR,82744,Belgium,hybrid,Belgium,Medium
2021,Mid,Full-time,Research Scientist,53000,EUR,62649,France,hybrid,France,Medium
2021,Mid,Full-time,Data Engineer,90000,USD,90000,United States,remote,United States,Large
2021,Senior,Full-time,Data Engineering Manager,153000,USD,153000,United States,remote,United States,Large
2021,Senior,Full-time,Cloud Data Engineer,160000,USD,160000,Brazil,remote,United States,Small
2021,Senior,Full-time,Director of Data Science,168000,USD,168000,Japan,onsite,Japan,Small
2021,Mid,Full-time,Data Scientist,150000,USD,150000,United States,remote,United States,Medium
2021,Mid,Full-time,Data Scientist,95000,CAD,75774,Canada,remote,Canada,Large
2021,Entry,Full-time,Data Scientist,13400,USD,13400,Ukraine,remote,Ukraine,Large
2021,Senior,Full-time,Data Science Manager,144000,USD,144000,United States,remote,United States,Large
2021,Senior,Full-time,Data Science Engineer,159500,CAD,127221,Canada,hybrid,Canada,Large
2021,Mid,Full-time,Data Scientist,160000,SGD,119059,Singapore,remote,Israel,Medium
2021,Mid,Full-time,Applied Machine Learning Scientist,423000,USD,423000,United States,hybrid,United States,Large
2021,Senior,Full-time,Data Analytics Manager,120000,USD,120000,United States,remote,United States,Medium
2021,Entry,Full-time,Machine Learning Engineer,125000,USD,125000,United States,remote,United States,Small
2021,Executive,Full-time,Head of Data,230000,USD,230000,Russia,hybrid,Russia,Large
2021,Executive,Full-time,Head of Data Science,85000,USD,85000,Russia,onsite,Russia,Medium
2021,Mid,Full-time,Data Engineer,24000,EUR,28369,Malta,hybrid,Malta,Large
2021,Entry,Full-time,Data Science Consultant,54000,EUR,63831,Germany,hybrid,Germany,Large
2021,Executive,Full-time,Director of Data Science,110000,EUR,130026,Germany,hybrid,Germany,Medium
2021,Senior,Full-time,Data Specialist,165000,USD,165000,United States,remote,United States,Large
2021,Entry,Full-time,Data Engineer,80000,USD,80000,United States,remote,United States,Large
2021,Executive,Full-time,Director of Data Science,250000,USD,250000,United States,onsite,United States,Large
2021,Entry,Full-time,BI Data Analyst,55000,USD,55000,United States,hybrid,United States,Small
2021,Mid,Full-time,Data Architect,150000,USD,150000,United States,remote,United States,Large
2021,Mid,Full-time,Data Architect,170000,USD,170000,United States,remote,United States,Large
2021,Mid,Full-time,Data Engineer,60000,GBP,82528,United Kingdom,remote,United Kingdom,Large
2021,Entry,Full-time,Data Analyst,60000,USD,60000,United States,remote,United States,Small
2021,Senior,Full-time,Principal Data Scientist,235000,USD,235000,United States,remote,United States,Large
2021,Senior,Full-time,Research Scientist,51400,EUR,60757,Portugal,hybrid,Portugal,Large
2021,Senior,Full-time,Data Engineering Manager,174000,USD,174000,United States,remote,United States,Large
2021,Mid,Full-time,Data Scientist,58000,MXN,2859,Mexico,onsite,Mexico,Small
2021,Mid,Full-time,Data Scientist,30400000,CLP,40038,Chile,remote,Chile,Large
2021,Entry,Full-time,Machine Learning Engineer,81000,USD,81000,United States,hybrid,United States,Small
2021,Mid,Full-time,Data Scientist,420000,INR,5679,India,remote,United States,Small
2021,Mid,Full-time,Big Data Engineer,1672000,INR,22611,India,onsite,India,Large
2021,Mid,Full-time,Data Scientist,76760,EUR,90734,Germany,hybrid,Germany,Large
2021,Mid,Full-time,Data Engineer,22000,EUR,26005,Romania,onsite,United States,Large
2021,Senior,Full-time,Finance Data Analyst,45000,GBP,61896,United Kingdom,hybrid,United Kingdom,Large
2021,Mid,Freelance,Machine Learning Scientist,12000,USD,12000,Pakistan,hybrid,Pakistan,Medium
2021,Mid,Full-time,Data Engineer,4000,USD,4000,Iran,remote,Iran,Medium
2021,Senior,Full-time,Data Analytics Engineer,50000,USD,50000,Vietnam,remote,United Kingdom,Medium
2021,Executive,Full-time,Data Science Consultant,59000,EUR,69741,France,remote,Spain,Small
2021,Senior,Full-time,Data Engineer,65000,EUR,76833,Romania,hybrid,United Kingdom,Small
2021,Mid,Full-time,Machine Learning Engineer,74000,USD,74000,Japan,hybrid,Japan,Small
2021,Senior,Full-time,Data Science Manager,152000,USD,152000,United States,remote,France,Large
2021,Entry,Full-time,Machine Learning Engineer,21844,USD,21844,Colombia,hybrid,Colombia,Medium
2021,Mid,Full-time,Big Data Engineer,18000,USD,18000,Moldova,onsite,Moldova,Small
2021,Senior,Full-time,Data Science Manager,174000,USD,174000,United States,remote,United States,Large
2021,Senior,Full-time,Research Scientist,120500,CAD,96113,Canada,hybrid,Canada,Large
2021,Mid,Full-time,Data Scientist,147000,USD,147000,United States,hybrid,United States,Large
2021,Entry,Full-time,BI Data Analyst,9272,USD,9272,Kenya,remote,Kenya,Small
2021,Senior,Full-time,Machine Learning Engineer,1799997,INR,24342,India,remote,India,Large
2021,Senior,Full-time,Data Science Manager,4000000,INR,54094,India,hybrid,United States,Large
2021,Entry,Full-time,Data Science Consultant,90000,USD,90000,United States,remote,United States,Small
2021,Mid,Full-time,Data Scientist,52000,EUR,61467,Germany,hybrid,Austria,Medium
2021,Senior,Full-time,Machine Learning Infrastructure Engineer,195000,USD,195000,United States,remote,United States,Medium
2021,Mid,Full-time,Data Scientist,32000,EUR,37825,Spain,remote,Spain,Large
2021,Senior,Full-time,Research Scientist,50000,USD,50000,France,remote,United States,Small
2021,Mid,Full-time,Data Scientist,160000,USD,160000,United States,remote,United States,Large
2021,Mid,Full-time,Data Scientist,69600,BRL,12901,Brazil,onsite,Brazil,Small
2021,Senior,Full-time,Machine Learning Engineer,200000,USD,200000,United States,remote,United States,Large
2021,Senior,Full-time,Data Engineer,165000,USD,165000,United States,onsite,United States,Medium
2021,Mid,Freelance,Data Engineer,20000,USD,20000,Italy,onsite,United States,Large
2021,Senior,Full-time,Data Analytics Manager,120000,USD,120000,United States,onsite,United States,Large
2021,Mid,Full-time,Machine Learning Engineer,21000,EUR,24823,Slovenia,hybrid,Slovenia,Large
2021,Mid,Full-time,Research Scientist,48000,EUR,56738,France,hybrid,France,Small
2021,Mid,Full-time,Data Engineer,48000,GBP,66022,Hong Kong,hybrid,United Kingdom,Small
2021,Entry,Full-time,Big Data Engineer,435000,INR,5882,India,onsite,Switzerland,Large
2021,Entry,Full-time,Machine Learning Engineer,21000,EUR,24823,Germany,hybrid,Germany,Medium
2021,Senior,Full-time,Principal Data Engineer,185000,USD,185000,United States,remote,United States,Large
2021,Entry,Part-time,Computer Vision Engineer,180000,DKK,28609,Denmark,hybrid,Denmark,Small
2021,Mid,Full-time,Data Scientist,76760,EUR,90734,Germany,hybrid,Germany,Large
2021,Mid,Full-time,Machine Learning Engineer,75000,EUR,88654,Belgium,remote,Belgium,Medium
2021,Senior,Full-time,Data Analytics Manager,140000,USD,140000,United States,remote,United States,Large
2021,Mid,Full-time,Machine Learning Engineer,180000,PLN,46597,Poland,remote,Poland,Large
2021,Mid,Full-time,Data Scientist,85000,GBP,116914,United Kingdom,hybrid,United Kingdom,Large
2021,Mid,Full-time,Data Scientist,2500000,INR,33808,India,onsite,India,Medium
2021,Mid,Full-time,Data Scientist,40900,GBP,56256,United Kingdom,hybrid,United Kingdom,Large
2021,Senior,Full-time,Machine Learning Scientist,225000,USD,225000,United States,remote,Canada,Large
2021,Executive,Contract,Principal Data Scientist,416000,USD,416000,United States,remote,United States,Small
2021,Senior,Full-time,Data Scientist,110000,CAD,87738,Canada,remote,Canada,Small
2021,Mid,Full-time,Data Scientist,75000,EUR,88654,Germany,hybrid,Germany,Large
2021,Senior,Full-time,Data Scientist,135000,USD,135000,United States,onsite,United States,Large
2021,Senior,Full-time,Data Analyst,90000,CAD,71786,Canada,remote,Canada,Medium
2021,Entry,Full-time,Big Data Engineer,1200000,INR,16228,India,remote,India,Large
2021,Senior,Full-time,ML Engineer,256000,USD,256000,United States,remote,United States,Small
2021,Senior,Full-time,Director of Data Engineering,200000,USD,200000,United States,remote,United States,Large
2021,Senior,Full-time,Data Analyst,200000,USD,200000,United States,remote,United States,Large
2021,Mid,Full-time,Data Architect,180000,USD,180000,United States,remote,United States,Large
2021,Mid,Full-time,Head of Data Science,110000,USD,110000,United States,onsite,United States,Small
2021,Mid,Full-time,Research Scientist,80000,CAD,63810,Canada,remote,Canada,Medium
2021,Mid,Full-time,Data Scientist,39600,EUR,46809,Spain,remote,Spain,Medium
2021,Entry,Full-time,Data Scientist,4000,USD,4000,Vietnam,onsite,Vietnam,Medium
2021,Entry,Full-time,Data Engineer,1600000,INR,21637,India,hybrid,India,Medium
2021,Senior,Full-time,Data Scientist,130000,CAD,103691,Canada,remote,Canada,Large
2021,Mid,Full-time,Data Analyst,80000,USD,80000,United States,remote,United States,Large
2021,Mid,Full-time,Data Engineer,110000,USD,110000,United States,remote,United States,Large
2021,Senior,Full-time,Data Scientist,165000,USD,165000,United States,remote,United States,Large
2021,Entry,Full-time,AI Scientist,1335000,INR,18053,India,remote,American Samoa,Small
2021,Mid,Full-time,Data Engineer,52500,GBP,72212,United Kingdom,hybrid,United Kingdom,Large
2021,Entry,Full-time,Data Scientist,31000,EUR,36643,France,hybrid,France,Large
2021,Mid,Full-time,Data Engineer,108000,TRY,12103,Türkiye,onsite,Türkiye,Medium
2021,Senior,Full-time,Data Engineer,70000,GBP,96282,United Kingdom,hybrid,United Kingdom,Large
2021,Senior,Full-time,Principal Data Analyst,170000,USD,170000,United States,remote,United States,Medium
2021,Mid,Full-time,Data Scientist,115000,USD,115000,United States,hybrid,United States,Large
2021,Entry,Full-time,Data Scientist,90000,USD,90000,United States,remote,United States,Small
2021,Executive,Full-time,Principal Data Engineer,600000,USD,600000,United States,remote,United States,Large
2021,Entry,Full-time,Data Scientist,2100000,INR,28399,India,remote,India,Medium
2021,Mid,Full-time,Data Analyst,93000,USD,93000,United States,remote,United States,Large
2021,Senior,Full-time,Big Data Architect,125000,CAD,99703,Canada,hybrid,Canada,Medium
2021,Mid,Full-time,Data Engineer,200000,USD,200000,United States,remote,United States,Large
2021,Senior,Full-time,Principal Data Scientist,147000,EUR,173762,Germany,remote,Germany,Medium
2021,Senior,Full-time,Machine Learning Engineer,185000,USD,185000,United States,hybrid,United States,Large
2021,Executive,Full-time,Director of Data Science,120000,EUR,141846,Germany,onsite,Germany,Large
2021,Mid,Full-time,Data Scientist,130000,USD,130000,United States,hybrid,United States,Large
2021,Senior,Full-time,Data Analyst,54000,EUR,63831,Germany,hybrid,Germany,Large
2021,Mid,Full-time,Data Scientist,1250000,INR,16904,India,remote,India,Small
2021,Senior,Full-time,Machine Learning Engineer,4900000,INR,66265,India,onsite,India,Large
2021,Mid,Full-time,Data Scientist,21600,EUR,25532,Serbia,remote,Germany,Small
2021,Senior,Full-time,Lead Data Engineer,160000,USD,160000,Puerto Rico,hybrid,United States,Small
2021,Mid,Full-time,Data Engineer,93150,USD,93150,United States,onsite,United States,Medium
2021,Mid,Full-time,Data Engineer,111775,USD,111775,United States,onsite,United States,Medium
2021,Mid,Full-time,Data Engineer,250000,TRY,28016,Türkiye,remote,Türkiye,Medium
2021,Entry,Full-time,Data Engineer,55000,EUR,65013,Germany,hybrid,Germany,Medium
2021,Entry,Full-time,Data Engineer,72500,USD,72500,United States,remote,United States,Large
2021,Senior,Full-time,Computer Vision Engineer,102000,BRL,18907,Brazil,onsite,Brazil,Medium
2021,Entry,Full-time,Data Science Consultant,65000,EUR,76833,Germany,onsite,Germany,Large
2021,Entry,Full-time,Machine Learning Engineer,85000,USD,85000,Netherlands,remote,Germany,Small
2021,Senior,Full-time,Data Scientist,65720,EUR,77684,France,hybrid,France,Medium
2021,Entry,Full-time,Data Scientist,100000,USD,100000,United States,remote,United States,Medium
2021,Entry,Full-time,Data Scientist,58000,USD,58000,United States,hybrid,United States,Large
2021,Senior,Full-time,AI Scientist,55000,USD,55000,Spain,remote,Spain,Large
2021,Senior,Full-time,Data Scientist,180000,TRY,20171,Türkiye,hybrid,Türkiye,Large
2021,Entry,Full-time,Business Data Analyst,50000,EUR,59102,Luxembourg,remote,Luxembourg,Large
2021,Mid,Full-time,Data Engineer,112000,USD,112000,United States,remote,United States,Large
2021,Entry,Full-time,Research Scientist,100000,USD,100000,Jersey,onsite,China,Large
2021,Mid,Part-time,Data Engineer,59000,EUR,69741,Netherlands,remote,Netherlands,Large
2021,Senior,Contract,Staff Data Scientist,105000,USD,105000,United States,remote,United States,Medium
2021,Mid,Full-time,Research Scientist,69999,USD,69999,Czechia,hybrid,Czechia,Large
2021,Senior,Full-time,Data Science Manager,7000000,INR,94665,India,hybrid,India,Large
2021,Senior,Full-time,Head of Data,87000,EUR,102839,Slovenia,remote,Slovenia,Large
2021,Mid,Full-time,Data Scientist,109000,USD,109000,United States,hybrid,United States,Large
2021,Mid,Full-time,Machine Learning Engineer,43200,EUR,51064,Italy,hybrid,Italy,Large
2022,Senior,Full-time,Data Engineer,135000,USD,135000,United States,remote,United States,Medium
2022,Senior,Full-time,Data Analyst,155000,USD,155000,United States,remote,United States,Medium
2022,Senior,Full-time,Data Analyst,120600,USD,120600,United States,remote,United States,Medium
2022,Mid,Full-time,Data Scientist,130000,USD,130000,United States,onsite,United States,Medium
2022,Mid,Full-time,Data Scientist,90000,USD,90000,United States,onsite,United States,Medium
2022,Mid,Full-time,Data Engineer,170000,USD,170000,United States,remote,United States,Medium
2022,Mid,Full-time,Data Engineer,150000,USD,150000,United States,remote,United States,Medium
2022,Senior,Full-time,Data Analyst,102100,USD,102100,United States,remote,United States,Medium
2022,Senior,Full-time,Data Analyst,84900,USD,84900,United States,remote,United States,Medium
2022,Senior,Full-time,Data Scientist,136620,USD,136620,United States,remote,United States,Medium
2022,Senior,Full-time,Data Scientist,99360,USD,99360,United States,remote,United States,Medium
2022,Senior,Full-time,Data Scientist,90000,GBP,117789,United Kingdom,onsite,United Kingdom,Medium
2022,Senior,Full-time,Data Scientist,80000,GBP,104702,United Kingdom,onsite,United Kingdom,Medium
2022,Senior,Full-time,Data Scientist,146000,USD,146000,United States,remote,United States,Medium
2022,Senior,Full-time,Data Scientist,123000,USD,123000,United States,remote,United States,Medium
2022,Entry,Full-time,Data Engineer,40000,GBP,52351,United Kingdom,remote,United Kingdom,Medium
2022,Senior,Full-time,Data Analyst,99000,USD,99000,United States,onsite,United States,Medium
2022,Senior,Full-time,Data Analyst,116000,USD,116000,United States,onsite,United States,Medium
2022,Mid,Full-time,Data Analyst,106260,USD,106260,United States,onsite,United States,Medium
2022,Mid,Full-time,Data Analyst,126500,USD,126500,United States,onsite,United States,Medium
2022,Executive,Full-time,Data Engineer,242000,USD,242000,United States,remote,United States,Medium
2022,Executive,Full-time,Data Engineer,200000,USD,200000,United States,remote,United States,Medium
2022,Mid,Full-time,Data Scientist,50000,GBP,65438,United Kingdom,onsite,United Kingdom,Medium
2022,Mid,Full-time,Data Scientist,30000,GBP,39263,United Kingdom,onsite,United Kingdom,Medium
2022,Mid,Full-time,Data Engineer,60000,GBP,78526,United Kingdom,onsite,United Kingdom,Medium
2022,Mid,Full-time,Data Engineer,40000,GBP,52351,United Kingdom,onsite,United Kingdom,Medium
2022,Senior,Full-time,Data Scientist,165220,USD,165220,United States,remote,United States,Medium
2022,Entry,Full-time,Data Engineer,35000,GBP,45807,United Kingdom,remote,United Kingdom,Medium
2022,Senior,Full-time,Data Scientist,120160,USD,120160,United States,remote,United States,Medium
2022,Senior,Full-time,Data Analyst,90320,USD,90320,United States,remote,United States,Medium
2022,Senior,Full-time,Data Engineer,181940,USD,181940,United States,onsite,United States,Medium
2022,Senior,Full-time,Data Engineer,132320,USD,132320,United States,onsite,United States,Medium
2022,Senior,Full-time,Data Engineer,220110,USD,220110,United States,onsite,United States,Medium
2022,Senior,Full-time,Data Engineer,160080,USD,160080,United States,onsite,United States,Medium
2022,Senior,Full-time,Data Scientist,180000,USD,180000,United States,onsite,United States,Large
2022,Senior,Full-time,Data Scientist,120000,USD,120000,United States,onsite,United States,Large
2022,Senior,Full-time,Data Analyst,124190,USD,124190,United States,remote,United States,Medium
2022,Executive,Full-time,Data Analyst,130000,USD,130000,United States,remote,United States,Medium
2022,Executive,Full-time,Data Analyst,110000,USD,110000,United States,remote,United States,Medium
2022,Senior,Full-time,Data Analyst,170000,USD,170000,United States,remote,United States,Medium
2022,Mid,Full-time,Data Analyst,115500,USD,115500,United States,remote,United States,Medium
2022,Senior,Full-time,Data Analyst,112900,USD,112900,United States,remote,United States,Medium
2022,Senior,Full-time,Data Analyst,90320,USD,90320,United States,remote,United States,Medium
2022,Senior,Full-time,Data Analyst,112900,USD,112900,United States,remote,United States,Medium
2022,Senior,Full-time,Data Analyst,90320,USD,90320,United States,remote,United States,Medium
2022,Senior,Full-time,Data Engineer,165400,USD,165400,United States,remote,United States,Medium
2022,Senior,Full-time,Data Engineer,132320,USD,132320,United States,remote,United States,Medium
2022,Mid,Full-time,Data Analyst,167000,USD,167000,United States,remote,United States,Medium
2022,Senior,Full-time,Data Engineer,243900,USD,243900,United States,remote,United States,Medium
2022,Senior,Full-time,Data Analyst,136600,USD,136600,United States,remote,United States,Medium
2022,Senior,Full-time,Data Analyst,109280,USD,109280,United States,remote,United States,Medium
2022,Senior,Full-time,Data Engineer,128875,USD,128875,United States,remote,United States,Medium
2022,Senior,Full-time,Data Engineer,93700,USD,93700,United States,remote,United States,Medium
2022,Executive,Full-time,Head of Data Science,224000,USD,224000,United States,remote,United States,Medium
2022,Executive,Full-time,Head of Data Science,167875,USD,167875,United States,remote,United States,Medium
2022,Executive,Full-time,Analytics Engineer,175000,USD,175000,United States,remote,United States,Medium
2022,Senior,Full-time,Data Engineer,156600,USD,156600,United States,remote,United States,Medium
2022,Senior,Full-time,Data Engineer,108800,USD,108800,United States,onsite,United States,Medium
2022,Senior,Full-time,Data Scientist,95550,USD,95550,United States,onsite,United States,Medium
2022,Senior,Full-time,Data Engineer,113000,USD,113000,United States,onsite,United States,Large
2022,Senior,Full-time,Data Analyst,135000,USD,135000,United States,remote,United States,Medium
2022,Senior,Full-time,Data Science Manager,161342,USD,161342,United States,remote,United States,Medium
2022,Senior,Full-time,Data Science Manager,137141,USD,137141,United States,remote,United States,Medium
2022,Senior,Full-time,Data Scientist,167000,USD,167000,United States,remote,United States,Medium
2022,Senior,Full-time,Data Scientist,123000,USD,123000,United States,remote,United States,Medium
2022,Senior,Full-time,Data Engineer,60000,GBP,78526,United Kingdom,onsite,United Kingdom,Medium
2022,Senior,Full-time,Data Engineer,50000,GBP,65438,United Kingdom,onsite,United Kingdom,Medium
2022,Senior,Full-time,Data Scientist,150000,USD,150000,United States,onsite,United States,Medium
2022,Senior,Full-time,Data Scientist,211500,USD,211500,United States,remote,United States,Medium
2022,Senior,Full-time,Data Architect,192400,USD,192400,Canada,remote,Canada,Medium
2022,Senior,Full-time,Data Architect,90700,USD,90700,Canada,remote,Canada,Medium
2022,Senior,Full-time,Data Analyst,130000,USD,130000,Canada,remote,Canada,Medium
2022,Senior,Full-time,Data Analyst,61300,USD,61300,Canada,remote,Canada,Medium
2022,Senior,Full-time,Data Analyst,130000,USD,130000,Canada,remote,Canada,Medium
2022,Senior,Full-time,Data Analyst,61300,USD,61300,Canada,remote,Canada,Medium
2022,Senior,Full-time,Data Engineer,160000,USD,160000,United States,onsite,United States,Large
2022,Senior,Full-time,Data Scientist,138600,USD,138600,United States,remote,United States,Medium
2022,Senior,Full-time,Data Engineer,136000,USD,136000,United States,onsite,United States,Medium
2022,Mid,Full-time,Data Analyst,58000,USD,58000,United States,onsite,United States,Small
2022,Executive,Full-time,Analytics Engineer,135000,USD,135000,United States,remote,United States,Medium
2022,Senior,Full-time,Data Scientist,170000,USD,170000,United States,remote,United States,Medium
2022,Senior,Full-time,Data Scientist,123000,USD,123000,United States,remote,United States,Medium
2022,Senior,Full-time,Machine Learning Engineer,189650,USD,189650,United States,onsite,United States,Medium
2022,Senior,Full-time,Machine Learning Engineer,164996,USD,164996,United States,onsite,United States,Medium
2022,Mid,Full-time,ETL Developer,50000,EUR,54957,Greece,onsite,Greece,Medium
2022,Mid,Full-time,ETL Developer,50000,EUR,54957,Greece,onsite,Greece,Medium
2022,Executive,Full-time,Lead Data Engineer,150000,CAD,118187,Canada,remote,Canada,Small
2022,Senior,Full-time,Data Analyst,132000,USD,132000,United States,onsite,United States,Medium
2022,Senior,Full-time,Data Engineer,165400,USD,165400,United States,remote,United States,Medium
2022,Senior,Full-time,Data Architect,208775,USD,208775,United States,remote,United States,Medium
2022,Senior,Full-time,Data Architect,147800,USD,147800,United States,remote,United States,Medium
2022,Senior,Full-time,Data Engineer,136994,USD,136994,United States,remote,United States,Medium
2022,Senior,Full-time,Data Engineer,101570,USD,101570,United States,remote,United States,Medium
2022,Senior,Full-time,Data Analyst,128875,USD,128875,United States,remote,United States,Medium
2022,Senior,Full-time,Data Analyst,93700,USD,93700,United States,remote,United States,Medium
2022,Executive,Full-time,Head of Machine Learning,6000000,INR,79039,India,hybrid,India,Large
2022,Senior,Full-time,Data Engineer,132320,USD,132320,United States,remote,United States,Medium
2022,Entry,Full-time,Machine Learning Engineer,28500,GBP,37300,United Kingdom,remote,United Kingdom,Large
2022,Senior,Full-time,Data Analyst,164000,USD,164000,United States,onsite,United States,Medium
2022,Senior,Full-time,Data Engineer,155000,USD,155000,United States,remote,United States,Medium
2022,Mid,Full-time,Machine Learning Engineer,95000,GBP,124333,United Kingdom,onsite,United Kingdom,Medium
2022,Mid,Full-time,Machine Learning Engineer,75000,GBP,98158,United Kingdom,onsite,United Kingdom,Medium
2022,Mid,Full-time,AI Scientist,120000,USD,120000,United States,onsite,United States,Medium
2022,Senior,Full-time,Data Analyst,112900,USD,112900,United States,remote,United States,Medium
2022,Senior,Full-time,Data Analyst,90320,USD,90320,United States,remote,United States,Medium
2022,Senior,Full-time,Data Analytics Manager,145000,USD,145000,United States,remote,United States,Medium
2022,Senior,Full-time,Data Analytics Manager,105400,USD,105400,United States,remote,United States,Medium
2022,Mid,Full-time,Machine Learning Engineer,80000,EUR,87932,France,remote,Germany,Medium
2022,Mid,Full-time,Data Engineer,90000,GBP,117789,United Kingdom,onsite,United Kingdom,Medium
2022,Senior,Full-time,Data Scientist,215300,USD,215300,United States,remote,United States,Large
2022,Senior,Full-time,Data Scientist,158200,USD,158200,United States,remote,United States,Large
2022,Senior,Full-time,Data Engineer,209100,USD,209100,United States,remote,United States,Large
2022,Senior,Full-time,Data Engineer,154600,USD,154600,United States,remote,United States,Large
2022,Senior,Full-time,Data Analyst,115934,USD,115934,United States,onsite,United States,Medium
2022,Senior,Full-time,Data Analyst,81666,USD,81666,United States,onsite,United States,Medium
2022,Senior,Full-time,Data Engineer,175000,USD,175000,United States,remote,United States,Medium
2022,Mid,Full-time,Data Engineer,75000,GBP,98158,United Kingdom,onsite,United Kingdom,Medium
2022,Mid,Full-time,Data Analyst,58000,USD,58000,United States,onsite,United States,Small
2022,Senior,Full-time,Data Engineer,183600,USD,183600,United States,remote,United States,Large
2022,Mid,Full-time,Data Analyst,40000,GBP,52351,United Kingdom,remote,United Kingdom,Medium
2022,Senior,Full-time,Data Scientist,180000,USD,180000,United States,remote,United States,Medium
2022,Mid,Full-time,Data Scientist,55000,GBP,71982,United Kingdom,onsite,United Kingdom,Medium
2022,Mid,Full-time,Data Scientist,35000,GBP,45807,United Kingdom,onsite,United Kingdom,Medium
2022,Mid,Full-time,Data Engineer,60000,EUR,65949,Greece,remote,Greece,Medium
2022,Mid,Full-time,Data Engineer,45000,EUR,49461,Greece,remote,Greece,Medium
2022,Mid,Full-time,Data Engineer,60000,GBP,78526,United Kingdom,remote,United Kingdom,Medium
2022,Mid,Full-time,Data Engineer,45000,GBP,58894,United Kingdom,remote,United Kingdom,Medium
2022,Senior,Full-time,Data Scientist,260000,USD,260000,United States,remote,United States,Medium
2022,Senior,Full-time,Data Science Engineer,60000,USD,60000,Argentina,remote,Mexico,Large
2022,Mid,Full-time,Data Engineer,63900,USD,63900,United States,onsite,United States,Medium
2022,Mid,Full-time,Machine Learning Scientist,160000,USD,160000,United States,remote,United States,Large
2022,Mid,Full-time,Machine Learning Scientist,112300,USD,112300,United States,remote,United States,Large
2022,Mid,Full-time,Data Science Manager,241000,USD,241000,United States,remote,United States,Medium
2022,Mid,Full-time,Data Science Manager,159000,USD,159000,United States,remote,United States,Medium
2022,Senior,Full-time,Data Scientist,180000,USD,180000,United States,onsite,United States,Medium
2022,Senior,Full-time,Data Scientist,80000,USD,80000,United States,onsite,United States,Medium
2022,Mid,Full-time,Data Engineer,82900,USD,82900,United States,onsite,United States,Medium
2022,Senior,Full-time,Data Engineer,100800,USD,100800,United States,remote,United States,Large
2022,Mid,Full-time,Data Engineer,45000,EUR,49461,Spain,remote,Spain,Medium
2022,Senior,Full-time,Data Scientist,140400,USD,140400,United States,onsite,United States,Large
2022,Mid,Full-time,Data Analyst,30000,GBP,39263,United Kingdom,remote,United Kingdom,Medium
2022,Mid,Full-time,Data Analyst,40000,EUR,43966,Spain,remote,Spain,Medium
2022,Mid,Full-time,Data Analyst,30000,EUR,32974,Spain,remote,Spain,Medium
2022,Mid,Full-time,Data Engineer,80000,EUR,87932,Spain,remote,Spain,Medium
2022,Mid,Full-time,Data Engineer,70000,EUR,76940,Spain,remote,Spain,Medium
2022,Mid,Full-time,Data Engineer,80000,GBP,104702,United Kingdom,remote,United Kingdom,Medium
2022,Mid,Full-time,Data Engineer,70000,GBP,91614,United Kingdom,remote,United Kingdom,Medium
2022,Mid,Full-time,Data Engineer,60000,EUR,65949,Spain,remote,Spain,Medium
2022,Mid,Full-time,Data Engineer,80000,EUR,87932,Greece,remote,Greece,Medium
2022,Senior,Full-time,Machine Learning Engineer,189650,USD,189650,United States,onsite,United States,Medium
2022,Senior,Full-time,Machine Learning Engineer,164996,USD,164996,United States,onsite,United States,Medium
2022,Mid,Full-time,Data Analyst,40000,EUR,43966,Greece,remote,Greece,Medium
2022,Mid,Full-time,Data Analyst,30000,EUR,32974,Greece,remote,Greece,Medium
2022,Mid,Full-time,Data Engineer,75000,GBP,98158,United Kingdom,remote,United Kingdom,Medium
2022,Mid,Full-time,Data Engineer,60000,GBP,78526,United Kingdom,remote,United Kingdom,Medium
2022,Senior,Full-time,Data Scientist,215300,USD,215300,United States,onsite,United States,Large
2022,Mid,Full-time,Data Engineer,70000,EUR,76940,Greece,remote,Greece,Medium
2022,Senior,Full-time,Data Engineer,209100,USD,209100,United States,remote,United States,Large
2022,Senior,Full-time,Data Engineer,154600,USD,154600,United States,remote,United States,Large
2022,Senior,Full-time,Data Engineer,180000,USD,180000,United States,remote,United States,Medium
2022,Entry,Full-time,ML Engineer,20000,EUR,21983,Portugal,remote,Portugal,Large
2022,Senior,Full-time,Data Engineer,80000,USD,80000,United States,remote,United States,Medium
2022,Mid,Full-time,Machine Learning Developer,100000,CAD,78791,Canada,remote,Canada,Medium
2022,Executive,Full-time,Director of Data Science,250000,CAD,196979,Canada,hybrid,Canada,Large
2022,Mid,Full-time,Machine Learning Engineer,120000,USD,120000,United States,remote,United States,Small
2022,Entry,Full-time,Computer Vision Engineer,125000,USD,125000,United States,onsite,United States,Medium
2022,Mid,Full-time,NLP Engineer,240000,CNY,37236,United States,hybrid,United States,Large
2022,Senior,Full-time,Data Engineer,105000,USD,105000,United States,remote,United States,Medium
2022,Senior,Full-time,Lead Machine Learning Engineer,80000,EUR,87932,Germany,onsite,Germany,Medium
2022,Mid,Full-time,Business Data Analyst,1400000,INR,18442,India,remote,India,Medium
2022,Mid,Full-time,Data Scientist,2400000,INR,31615,India,remote,India,Large
2022,Mid,Full-time,Machine Learning Infrastructure Engineer,53000,EUR,58255,Portugal,hybrid,Portugal,Large
2022,Entry,Full-time,Financial Data Analyst,100000,USD,100000,United States,hybrid,United States,Large
2022,Mid,Part-time,Data Engineer,50000,EUR,54957,Germany,hybrid,Germany,Large
2022,Entry,Full-time,Data Scientist,1400000,INR,18442,India,remote,India,Medium
2022,Senior,Full-time,Principal Data Scientist,148000,EUR,162674,Germany,remote,Germany,Medium
2022,Entry,Full-time,Data Engineer,120000,USD,120000,United States,remote,United States,Medium
2022,Senior,Full-time,Research Scientist,144000,USD,144000,United States,hybrid,United States,Large
2022,Senior,Full-time,Data Scientist,104890,USD,104890,United States,remote,United States,Medium
2022,Senior,Full-time,Data Engineer,100000,USD,100000,United States,remote,United States,Medium
2022,Senior,Full-time,Data Scientist,140000,USD,140000,United States,remote,United States,Medium
2022,Mid,Full-time,Data Analyst,135000,USD,135000,United States,remote,United States,Medium
2022,Mid,Full-time,Data Analyst,50000,USD,50000,United States,remote,United States,Medium
2022,Senior,Full-time,Data Scientist,220000,USD,220000,United States,remote,United States,Medium
2022,Senior,Full-time,Data Scientist,140000,USD,140000,United States,remote,United States,Medium
2022,Mid,Full-time,Data Scientist,140000,GBP,183228,United Kingdom,onsite,United Kingdom,Medium
2022,Mid,Full-time,Data Scientist,70000,GBP,91614,United Kingdom,onsite,United Kingdom,Medium
2022,Senior,Full-time,Data Scientist,185100,USD,185100,United States,remote,United States,Medium
2022,Senior,Full-time,Machine Learning Engineer,220000,USD,220000,United States,remote,United States,Medium
2022,Mid,Full-time,Data Scientist,200000,USD,200000,United States,remote,United States,Medium
2022,Mid,Full-time,Data Scientist,120000,USD,120000,United States,remote,United States,Medium
2022,Senior,Full-time,Machine Learning Engineer,120000,USD,120000,United Arab Emirates,remote,United Arab Emirates,Small
2022,Senior,Full-time,Machine Learning Engineer,65000,USD,65000,United Arab Emirates,remote,United Arab Emirates,Small
2022,Executive,Full-time,Data Engineer,324000,USD,324000,United States,remote,United States,Medium
2022,Executive,Full-time,Data Engineer,216000,USD,216000,United States,remote,United States,Medium
2022,Senior,Full-time,Data Engineer,210000,USD,210000,United States,remote,United States,Medium
2022,Senior,Full-time,Machine Learning Engineer,120000,USD,120000,United States,remote,United States,Medium
2022,Senior,Full-time,Data Scientist,230000,USD,230000,United States,remote,United States,Medium
2022,Entry,Part-time,Data Scientist,100000,USD,100000,Algeria,hybrid,Algeria,Medium
2022,Mid,Freelance,Data Scientist,100000,USD,100000,Canada,remote,United States,Medium
2022,Entry,Contract,Applied Machine Learning Scientist,29000,EUR,31875,Tunisia,remote,Czechia,Medium
2022,Senior,Full-time,Head of Data,200000,USD,200000,Malaysia,remote,United States,Medium
2022,Mid,Full-time,Principal Data Analyst,75000,USD,75000,Canada,remote,Canada,Small
2022,Mid,Full-time,Data Scientist,150000,PLN,35590,Poland,remote,Poland,Large
2022,Senior,Full-time,Machine Learning Developer,100000,CAD,78791,Canada,remote,Canada,Medium
2022,Senior,Full-time,Data Scientist,100000,USD,100000,Brazil,remote,United States,Medium
2022,Mid,Full-time,Machine Learning Scientist,153000,USD,153000,United States,hybrid,United States,Medium
2022,Entry,Full-time,Data Engineer,52800,EUR,58035,Pakistan,remote,Germany,Medium
2022,Senior,Full-time,Data Scientist,165000,USD,165000,United States,remote,United States,Medium
2022,Senior,Full-time,Research Scientist,85000,EUR,93427,France,hybrid,France,Large
2022,Entry,Full-time,Data Scientist,66500,CAD,52396,Canada,remote,Canada,Large
2022,Senior,Full-time,Machine Learning Engineer,57000,EUR,62651,Netherlands,remote,Netherlands,Large
2022,Mid,Full-time,Head of Data,30000,EUR,32974,Estonia,remote,Estonia,Small
2022,Entry,Full-time,Data Scientist,40000,USD,40000,Japan,remote,Malaysia,Large
2022,Mid,Full-time,Machine Learning Engineer,121000,AUD,87425,Australia,remote,Australia,Large
2022,Senior,Full-time,Data Engineer,115000,USD,115000,United States,remote,United States,Medium
2022,Entry,Full-time,Data Scientist,120000,AUD,86703,Australia,hybrid,Australia,Medium
2022,Mid,Full-time,Applied Machine Learning Scientist,75000,USD,75000,Bolivia,remote,United States,Large
2022,Mid,Full-time,Research Scientist,59000,EUR,64849,Austria,onsite,Austria,Large
2022,Entry,Full-time,Research Scientist,120000,USD,120000,United States,remote,United States,Large
2022,Mid,Full-time,Applied Data Scientist,157000,USD,157000,United States,remote,United States,Large
2022,Entry,Full-time,Computer Vision Software Engineer,150000,USD,150000,Australia,remote,Australia,Small
2022,Mid,Full-time,Business Data Analyst,90000,CAD,70912,Canada,hybrid,Canada,Large
2022,Entry,Full-time,Data Engineer,65000,USD,65000,United States,remote,United States,Small
2022,Senior,Full-time,Machine Learning Engineer,65000,EUR,71444,Ireland,remote,Ireland,Small
2022,Entry,Full-time,Data Analytics Engineer,20000,USD,20000,Pakistan,onsite,Pakistan,Medium
2022,Mid,Full-time,Data Scientist,48000,USD,48000,Russia,remote,United States,Small
2022,Senior,Full-time,Data Science Manager,152500,USD,152500,United States,remote,United States,Medium
2022,Mid,Full-time,Data Engineer,62000,EUR,68147,France,remote,France,Medium
2022,Mid,Full-time,Data Scientist,115000,CHF,122346,Switzerland,onsite,Switzerland,Large
2022,Senior,Full-time,Applied Data Scientist,380000,USD,380000,United States,remote,United States,Large
2022,Mid,Full-time,Data Scientist,88000,CAD,69336,Canada,remote,Canada,Medium
2022,Entry,Full-time,Computer Vision Engineer,10000,USD,10000,Portugal,remote,Luxembourg,Medium
2022,Mid,Full-time,Data Analyst,20000,USD,20000,Greece,remote,Greece,Small
2022,Senior,Full-time,Data Analytics Lead,405000,USD,405000,United States,remote,United States,Large
2022,Mid,Full-time,Data Scientist,135000,USD,135000,United States,remote,United States,Large
2022,Senior,Full-time,Applied Data Scientist,177000,USD,177000,United States,remote,United States,Large
2022,Mid,Full-time,Data Scientist,78000,USD,78000,United States,remote,United States,Medium
2022,Senior,Full-time,Data Analyst,135000,USD,135000,United States,remote,United States,Medium
2022,Senior,Full-time,Data Analyst,100000,USD,100000,United States,remote,United States,Medium
2022,Senior,Full-time,Data Analyst,90320,USD,90320,United States,remote,United States,Medium
2022,Mid,Full-time,Data Analyst,85000,USD,85000,Canada,onsite,Canada,Medium
2022,Mid,Full-time,Data Analyst,75000,USD,75000,Canada,onsite,Canada,Medium
2022,Senior,Full-time,Machine Learning Engineer,214000,USD,214000,United States,remote,United States,Medium
2022,Senior,Full-time,Machine Learning Engineer,192600,USD,192600,United States,remote,United States,Medium
2022,Senior,Full-time,Data Architect,266400,USD,266400,United States,remote,United States,Medium
2022,Senior,Full-time,Data Architect,213120,USD,213120,United States,remote,United States,Medium
2022,Senior,Full-time,Data Analyst,112900,USD,112900,United States,remote,United States,Medium
2022,Senior,Full-time,Data Engineer,155000,USD,155000,United States,remote,United States,Medium
2022,Mid,Full-time,Data Scientist,141300,USD,141300,United States,onsite,United States,Medium
2022,Mid,Full-time,Data Scientist,102100,USD,102100,United States,onsite,United States,Medium
2022,Senior,Full-time,Data Analyst,115934,USD,115934,United States,remote,United States,Medium
2022,Senior,Full-time,Data Analyst,81666,USD,81666,United States,remote,United States,Medium
2022,Mid,Full-time,Data Engineer,206699,USD,206699,United States,onsite,United States,Medium
2022,Mid,Full-time,Data Engineer,99100,USD,99100,United States,onsite,United States,Medium
2022,Senior,Full-time,Data Engineer,130000,USD,130000,United States,remote,United States,Medium
2022,Senior,Full-time,Data Engineer,115000,USD,115000,United States,remote,United States,Medium
2022,Senior,Full-time,Data Engineer,110500,USD,110500,United States,remote,United States,Medium
2022,Senior,Full-time,Data Engineer,130000,USD,130000,United States,remote,United States,Medium
2022,Senior,Full-time,Data Analyst,99050,USD,99050,United States,remote,United States,Medium
2022,Senior,Full-time,Data Engineer,160000,USD,160000,United States,remote,United States,Medium
2022,Senior,Full-time,Data Scientist,205300,USD,205300,United States,onsite,United States,Large
2022,Senior,Full-time,Data Scientist,140400,USD,140400,United States,onsite,United States,Large
2022,Senior,Full-time,Data Scientist,176000,USD,176000,United States,remote,United States,Medium
2022,Senior,Full-time,Data Scientist,144000,USD,144000,United States,remote,United States,Medium
2022,Senior,Full-time,Data Engineer,200100,USD,200100,United States,remote,United States,Medium
2022,Senior,Full-time,Data Engineer,160000,USD,160000,United States,remote,United States,Medium
2022,Senior,Full-time,Data Engineer,145000,USD,145000,United States,remote,United States,Medium
2022,Senior,Full-time,Data Engineer,70500,USD,70500,United States,onsite,United States,Medium
2022,Senior,Full-time,Data Scientist,205300,USD,205300,United States,onsite,United States,Medium
2022,Senior,Full-time,Data Scientist,140400,USD,140400,United States,onsite,United States,Medium
2022,Senior,Full-time,Analytics Engineer,205300,USD,205300,United States,onsite,United States,Medium
2022,Senior,Full-time,Analytics Engineer,184700,USD,184700,United States,onsite,United States,Medium
2022,Senior,Full-time,Data Engineer,175100,USD,175100,United States,remote,United States,Medium
2022,Senior,Full-time,Data Engineer,140250,USD,140250,United States,remote,United States,Medium
2022,Senior,Full-time,Data Analyst,116150,USD,116150,United States,remote,United States,Medium
2022,Senior,Full-time,Data Engineer,54000,USD,54000,United States,onsite,United States,Medium
2022,Senior,Full-time,Data Analyst,170000,USD,170000,United States,remote,United States,Medium
2022,Mid,Full-time,Data Analyst,50000,GBP,65438,United Kingdom,onsite,United Kingdom,Medium
2022,Senior,Full-time,Data Analyst,80000,USD,80000,United States,remote,United States,Medium
2022,Senior,Full-time,Data Scientist,140000,USD,140000,United States,remote,United States,Medium
2022,Senior,Full-time,Data Scientist,210000,USD,210000,United States,remote,United States,Medium
2022,Senior,Full-time,Data Scientist,140000,USD,140000,United States,remote,United States,Medium
2022,Senior,Full-time,Data Analyst,100000,USD,100000,United States,remote,United States,Medium
2022,Senior,Full-time,Data Analyst,69000,USD,69000,United States,remote,United States,Medium
2022,Senior,Full-time,Data Scientist,210000,USD,210000,United States,remote,United States,Medium
2022,Senior,Full-time,Data Scientist,140000,USD,140000,United States,remote,United States,Medium
2022,Senior,Full-time,Data Scientist,210000,USD,210000,United States,remote,United States,Medium
2022,Senior,Full-time,Data Analyst,150075,USD,150075,United States,remote,United States,Medium
2022,Senior,Full-time,Data Engineer,100000,USD,100000,United States,remote,United States,Medium
2022,Senior,Full-time,Data Engineer,25000,USD,25000,United States,remote,United States,Medium
2022,Senior,Full-time,Data Analyst,126500,USD,126500,United States,remote,United States,Medium
2022,Senior,Full-time,Data Analyst,106260,USD,106260,United States,remote,United States,Medium
2022,Senior,Full-time,Data Engineer,220110,USD,220110,United States,remote,United States,Medium
2022,Senior,Full-time,Data Engineer,160080,USD,160080,United States,remote,United States,Medium
2022,Senior,Full-time,Data Analyst,105000,USD,105000,United States,remote,United States,Medium
2022,Senior,Full-time,Data Analyst,110925,USD,110925,United States,remote,United States,Medium
2022,Mid,Full-time,Data Analyst,35000,GBP,45807,United Kingdom,onsite,United Kingdom,Medium
2022,Senior,Full-time,Data Scientist,140000,USD,140000,United States,remote,United States,Medium
2022,Senior,Full-time,Data Analyst,99000,USD,99000,United States,onsite,United States,Medium
2022,Senior,Full-time,Data Analyst,60000,USD,60000,United States,remote,United States,Medium
2022,Senior,Full-time,Data Architect,192564,USD,192564,United States,remote,United States,Medium
2022,Senior,Full-time,Data Architect,144854,USD,144854,United States,remote,United States,Medium
2022,Senior,Full-time,Data Scientist,230000,USD,230000,United States,remote,United States,Medium
2022,Senior,Full-time,Data Scientist,150000,USD,150000,United States,remote,United States,Medium
2022,Senior,Full-time,Data Analytics Manager,150260,USD,150260,United States,remote,United States,Medium
2022,Senior,Full-time,Data Analytics Manager,109280,USD,109280,United States,remote,United States,Medium
2022,Senior,Full-time,Data Scientist,210000,USD,210000,United States,remote,United States,Medium
2022,Senior,Full-time,Data Analyst,170000,USD,170000,United States,remote,United States,Medium
2022,Mid,Full-time,Data Scientist,160000,USD,160000,United States,remote,United States,Medium
2022,Mid,Full-time,Data Scientist,130000,USD,130000,United States,remote,United States,Medium
2022,Entry,Full-time,Data Analyst,67000,USD,67000,Canada,onsite,Canada,Medium
2022,Entry,Full-time,Data Analyst,52000,USD,52000,Canada,onsite,Canada,Medium
2022,Senior,Full-time,Data Engineer,154000,USD,154000,United States,remote,United States,Medium
2022,Senior,Full-time,Data Engineer,126000,USD,126000,United States,remote,United States,Medium
2022,Senior,Full-time,Data Analyst,129000,USD,129000,United States,onsite,United States,Medium
2022,Senior,Full-time,Data Analyst,150000,USD,150000,United States,remote,United States,Medium
2022,Mid,Full-time,AI Scientist,200000,USD,200000,India,remote,United States,Large
